{
  "backgroundMusic" : "menu.mp3",
  "backgroundPicture" : "menu_0_background.png",
  "picture" : {
    "title":{
      "path" : "menu_0_title.png",
      "position" : {
        "x" : 480,
        "y" : 840
      },
      "size" : {
        "width" : 1600,
        "height" : 480
      }
    }
  },
  "ui": {
    "button" : {
      "start" : {
        "kind" : "default",
        "position" : {
          "x" : 973,
          "y" : 566
        },
        "size" : {
          "width" : 614,
          "height" : 192
        },
        "textKey" : "{language$menu.0.button.start}{map$test}",
        "fontSize" : 1.6
      },
      "config" : {
        "kind" : "default",
        "position" : {
          "x" : 973,
          "y" : 346
        },
        "size" : {
          "width" : 614,
          "height" : 192
        },
        "textKey" : "{language$menu.0.button.config}",
        "fontSize" : 1.6
      },
      "quit" : {
        "kind" : "default",
        "position" : {
          "x" : 973,
          "y" : 126
        },
        "size" : {
          "width" : 614,
          "height" : 192
        },
        "textKey" : "{language$menu.0.button.quit}",
        "fontSize" : 1.6
      }
    }
  }
}
