{
  "backgroundMusic" : "menu.mp3",
  "backgroundPicture" : "menu_0_background.png",
  "picture" : {
    "path_tab" : {
      "path" : "black_32transparent_pic.png",
      "position" : {
        "x" : 0,
        "y" : 1220
      },
      "size" : {
        "width" : 2560,
        "height" : 220
      }
    },
    "function_tab" : {
      "path" : "black_16transparent_pic.png",
      "position" : {
        "x" : 0,
        "y" : 0
      },
      "size" : {
        "width" : 540,
        "height" : 1220
      }
    }
  },
  "ui": {
    "image" : {
      "unSelectFrame0": {
        "kind": "unSelectFrame_image",
        "position": {
          "x": 694,
          "y": 737
        },
        "size": {
          "width": 320,
          "height": 440
        }
      },
      "unSelectFrame1": {
        "kind": "unSelectFrame_image",
        "position": {
          "x": 1158,
          "y": 737
        },
        "size": {
          "width": 320,
          "height": 440
        }
      },
      "unSelectFrame2": {
        "kind": "unSelectFrame_image",
        "position": {
          "x": 1622,
          "y": 737
        },
        "size": {
          "width": 320,
          "height": 440
        }
      },
      "unSelectFrame3": {
        "kind": "unSelectFrame_image",
        "position": {
          "x": 2086,
          "y": 737
        },
        "size": {
          "width": 320,
          "height": 440
        }
      },
      "unSelectFrame4": {
        "kind": "unSelectFrame_image",
        "position": {
          "x": 694,
          "y": 263
        },
        "size": {
          "width": 320,
          "height": 440
        }
      },
      "unSelectFrame5": {
        "kind": "unSelectFrame_image",
        "position": {
          "x": 1158,
          "y": 263
        },
        "size": {
          "width": 320,
          "height": 440
        }
      },
      "unSelectFrame6": {
        "kind": "unSelectFrame_image",
        "position": {
          "x": 1622,
          "y": 263
        },
        "size": {
          "width": 320,
          "height": 440
        }
      },
      "unSelectFrame7": {
        "kind": "unSelectFrame_image",
        "position": {
          "x": 2086,
          "y": 263
        },
        "size": {
          "width": 320,
          "height": 440
        }
      },
      "selectFrame0": {
        "kind": "selectFrame_image",
        "position": {
          "x": 694,
          "y": 737
        },
        "size": {
          "width": 320,
          "height": 440
        }
      },
      "selectFrame1": {
        "kind": "selectFrame_image",
        "position": {
          "x": 1158,
          "y": 737
        },
        "size": {
          "width": 320,
          "height": 440
        }
      },
      "selectFrame2": {
        "kind": "selectFrame_image",
        "position": {
          "x": 1622,
          "y": 737
        },
        "size": {
          "width": 320,
          "height": 440
        }
      },
      "selectFrame3": {
        "kind": "selectFrame_image",
        "position": {
          "x": 2086,
          "y": 737
        },
        "size": {
          "width": 320,
          "height": 440
        }
      },
      "selectFrame4": {
        "kind": "selectFrame_image",
        "position": {
          "x": 694,
          "y": 263
        },
        "size": {
          "width": 320,
          "height": 440
        }
      },
      "selectFrame5": {
        "kind": "selectFrame_image",
        "position": {
          "x": 1158,
          "y": 263
        },
        "size": {
          "width": 320,
          "height": 440
        }
      },
      "selectFrame6": {
        "kind": "selectFrame_image",
        "position": {
          "x": 1622,
          "y": 263
        },
        "size": {
          "width": 320,
          "height": 440
        }
      },
      "selectFrame7": {
        "kind": "selectFrame_image",
        "position": {
          "x": 2086,
          "y": 263
        },
        "size": {
          "width": 320,
          "height": 440
        }
      },
      "gameCover0": {
        "kind": "gameCover_image0",
        "position": {
          "x": 704,
          "y": 747
        },
        "size": {
          "width": 300,
          "height": 420
        }
      },
      "gameCover1": {
        "kind": "gameCover_image1",
        "position": {
          "x": 1168,
          "y": 747
        },
        "size": {
          "width": 300,
          "height": 420
        }
      },
      "gameCover2": {
        "kind": "gameCover_image2",
        "position": {
          "x": 1632,
          "y": 747
        },
        "size": {
          "width": 300,
          "height": 420
        }
      },
      "gameCover3": {
        "kind": "gameCover_image3",
        "position": {
          "x": 2096,
          "y": 747
        },
        "size": {
          "width": 300,
          "height": 420
        }
      },
      "gameCover4": {
        "kind": "gameCover_image4",
        "position": {
          "x": 704,
          "y": 273
        },
        "size": {
          "width": 300,
          "height": 420
        }
      },
      "gameCover5": {
        "kind": "gameCover_image5",
        "position": {
          "x": 1168,
          "y": 273
        },
        "size": {
          "width": 300,
          "height": 420
        }
      },
      "gameCover6": {
        "kind": "gameCover_image6",
        "position": {
          "x": 1632,
          "y": 273
        },
        "size": {
          "width": 300,
          "height": 420
        }
      },
      "gameCover7": {
        "kind": "gameCover_image7",
        "position": {
          "x": 2096,
          "y": 273
        },
        "size": {
          "width": 300,
          "height": 420
        }
      }
    },
    "label" : {
      "path" : {
        "kind" : "default",
        "position" : {
          "x" : 595,
          "y" : 1275
        },
        "size" : {
          "width" : 1910,
          "height" : 110
        },
        "textKey" : "{language$menu.1.label.path}",
        "fontSize" : 0.8,
        "fontColor" : -1,
        "fontFlag" : "w"
      },
      "page" : {
        "kind" : "default",
        "position" : {
          "x" : 610,
          "y" : 55
        },
        "size" : {
          "width" : 400,
          "height" : 110
        },
        "textKey" : "{language$menu.1.label.page}",
        "fontSize" : 1,
        "fontColor" : -1,
        "fontFlag" : "center"
      }
    },
    "button" : {
      "back" : {
        "kind" : "default",
        "position" : {
          "x" : 70,
          "y" : 1265
        },
        "size" : {
          "width" : 400,
          "height" : 130
        },
        "textKey" : "{language$menu.1.button.back}",
        "fontSize" : 1.2
      },
      "import" : {
        "kind" : "default",
        "position" : {
          "x" : 70,
          "y" : 1045
        },
        "size" : {
          "width" : 400,
          "height" : 130
        },
        "textKey" : "{language$menu.1.button.import}",
        "fontSize" : 1.2
      },
      "create" : {
        "kind" : "default",
        "position" : {
          "x" : 70,
          "y" : 870
        },
        "size" : {
          "width" : 400,
          "height" : 130
        },
        "textKey" : "{language$menu.1.button.create}",
        "fontSize" : 1.2
      },
      "share" : {
        "kind" : "default",
        "position" : {
          "x" : 70,
          "y" : 695
        },
        "size" : {
          "width" : 400,
          "height" : 130
        },
        "textKey" : "{language$menu.1.button.share}",
        "fontSize" : 1.2
      },
      "edit" : {
        "kind" : "default",
        "position" : {
          "x" : 70,
          "y" : 520
        },
        "size" : {
          "width" : 400,
          "height" : 130
        },
        "textKey" : "{language$menu.1.button.edit}",
        "fontSize" : 1.2
      },
      "delete" : {
        "kind" : "default",
        "position" : {
          "x" : 70,
          "y" : 345
        },
        "size" : {
          "width" : 400,
          "height" : 130
        },
        "textKey" : "{language$menu.1.button.delete}",
        "fontSize" : 1.2
      },


      "select_lastPage" : {
        "kind" : "default",
        "position" : {
          "x" : 1480,
          "y" : 45
        },
        "size" : {
          "width" : 400,
          "height" : 130
        },
        "textKey" : "{language$menu.1.button.select_lastPage}",
        "fontSize" : 1.2
      },
      "select_nextPage" : {
        "kind" : "default",
        "position" : {
          "x" : 2020,
          "y" : 45
        },
        "size" : {
          "width" : 400,
          "height" : 130
        },
        "textKey" : "{language$menu.1.button.select_nextPage}",
        "fontSize" : 1.2
      }
    }
  }
}
