{"": {"directory": ["asset", "asset_export", "asset_import", "game", "save"], "file": ["assets.txt", "directory_structure.json", "update_config.json"]}, "asset": {"directory": ["language", "resource", "theme"], "file": ["app_version.json", "user_config.json"]}, "asset/language": {"directory": [], "file": ["en_US.json", "language.json", "zh_CN.json"]}, "asset/resource": {"directory": ["audio", "image", "video"], "file": []}, "asset/resource/audio": {"directory": [], "file": []}, "asset/resource/image": {"directory": [], "file": ["app_init.png", "app_process.png", "error.png"]}, "asset/resource/video": {"directory": [], "file": []}, "asset/theme": {"directory": ["default_theme"], "file": ["theme.json"]}, "asset/theme/default_theme": {"directory": ["asset"], "file": ["icon.png", "theme.json"]}, "asset/theme/default_theme/asset": {"directory": ["layout", "resource", "ui"], "file": []}, "asset/theme/default_theme/asset/layout": {"directory": ["game", "menu"], "file": []}, "asset/theme/default_theme/asset/layout/game": {"directory": [], "file": []}, "asset/theme/default_theme/asset/layout/menu": {"directory": [], "file": ["0.json", "1.json"]}, "asset/theme/default_theme/asset/resource": {"directory": ["audio", "image", "video"], "file": []}, "asset/theme/default_theme/asset/resource/audio": {"directory": [], "file": ["de_bt_kind_aud_click.ogg", "menu.mp3"]}, "asset/theme/default_theme/asset/resource/image": {"directory": [], "file": ["black_16transparent_pic.png", "black_32transparent_pic.png", "black_64transparent_pic.png", "de_bt_kind_img_disabled.png", "de_bt_kind_img_down.png", "de_bt_kind_img_up.png", "mb_bt_kind_img_disabled.png", "mb_bt_kind_img_down.png", "mb_bt_kind_img_up.png", "mb_lb_img_background.png", "menu_0_background.png", "menu_0_title.png", "white_16transparent_pic.png", "white_32transparent_pic.png", "white_64transparent_pic.png"]}, "asset/theme/default_theme/asset/resource/video": {"directory": [], "file": []}, "asset/theme/default_theme/asset/ui": {"directory": ["button", "font", "image", "label", "message_box"], "file": []}, "asset/theme/default_theme/asset/ui/button": {"directory": [], "file": ["de_bt.json", "mb_bt.json"]}, "asset/theme/default_theme/asset/ui/font": {"directory": ["default"], "file": []}, "asset/theme/default_theme/asset/ui/font/default": {"directory": [], "file": ["default.fnt", "default_000.png", "default_001.png", "default_002.png", "default_003.png", "default_004.png", "default_005.png", "default_006.png", "default_007.png", "default_008.png", "default_009.png", "default_010.png", "default_011.png", "default_012.png", "default_013.png", "default_014.png", "default_015.png", "default_016.png", "default_017.png", "default_018.png", "default_019.png", "default_020.png", "default_021.png", "default_022.png", "default_023.png", "default_024.png", "default_025.png", "default_026.png", "default_027.png", "default_028.png", "default_029.png", "default_030.png", "default_031.png", "default_032.png", "default_033.png", "default_034.png", "default_035.png", "default_036.png", "default_037.png", "default_038.png", "default_039.png", "default_040.png", "default_041.png", "default_042.png", "default_043.png", "default_044.png", "default_045.png", "default_046.png", "default_047.png", "default_048.png", "default_049.png", "default_050.png", "default_051.png", "default_052.png", "default_053.png", "default_054.png", "default_055.png", "default_056.png", "default_057.png", "default_058.png", "default_059.png", "default_060.png", "default_061.png", "default_062.png", "default_063.png", "default_064.png", "default_065.png", "default_066.png", "default_067.png", "default_068.png", "default_069.png", "default_070.png", "default_071.png", "default_072.png", "default_073.png", "default_074.png", "default_075.png", "default_076.png", "default_077.png", "default_078.png", "default_079.png", "default_080.png", "default_081.png", "default_082.png", "default_083.png", "default_084.png", "default_085.png", "default_086.png", "default_087.png", "default_088.png", "default_089.png", "default_090.png", "default_091.png", "default_092.png", "default_093.png", "default_094.png", "default_095.png", "default_096.png", "default_097.png", "default_098.png", "default_099.png", "default_100.png", "default_101.png", "default_102.png", "default_103.png", "default_104.png", "default_105.png", "default_106.png", "default_107.png", "default_108.png", "default_109.png", "default_110.png", "default_111.png", "default_112.png", "default_113.png", "default_114.png", "default_115.png", "default_116.png", "default_117.png", "default_118.png", "default_119.png", "default_120.png", "default_121.png", "default_122.png", "default_123.png", "default_124.png", "default_125.png", "default_126.png", "default_127.png", "default_128.png", "default_129.png", "default_130.png", "default_131.png", "default_132.png", "default_133.png", "default_134.png", "default_135.png", "default_136.png", "default_137.png", "default_138.png", "default_139.png", "default_140.png", "default_141.png", "default_142.png", "default_143.png", "default_144.png", "default_145.png", "default_146.png", "default_147.png", "default_148.png", "default_149.png", "default_150.png", "default_151.png", "default_152.png", "default_153.png", "default_154.png", "default_155.png", "default_156.png", "default_157.png", "default_158.png", "default_159.png", "default_160.png", "default_161.png", "default_162.png", "default_163.png", "default_164.png", "default_165.png", "default_166.png", "default_167.png", "default_168.png", "default_169.png", "default_170.png", "default_171.png", "default_172.png", "default_173.png", "default_174.png", "default_175.png", "default_176.png", "default_177.png", "default_178.png", "default_179.png", "default_180.png", "default_181.png", "default_182.png", "default_183.png", "default_184.png", "default_185.png", "default_186.png", "default_187.png", "default_188.png", "default_189.png", "default_190.png", "default_191.png", "default_192.png", "default_193.png", "default_194.png", "default_195.png", "default_196.png", "default_197.png", "default_198.png", "default_199.png", "default_200.png", "default_201.png", "default_202.png", "default_203.png", "default_204.png", "default_205.png", "default_206.png", "default_207.png", "default_208.png", "default_209.png", "default_210.png", "default_211.png", "default_212.png", "default_213.png", "default_214.png", "default_215.png", "default_216.png", "default_217.png", "default_218.png", "default_219.png", "default_220.png", "default_221.png", "default_222.png", "default_223.png", "default_224.png", "default_225.png", "default_226.png", "default_227.png", "default_228.png", "default_229.png", "default_230.png", "default_231.png", "default_232.png", "default_233.png", "default_234.png", "default_235.png", "default_236.png", "default_237.png", "default_238.png", "default_239.png", "default_240.png", "default_241.png", "default_242.png", "default_243.png", "default_244.png", "default_245.png", "default_246.png", "default_247.png", "default_248.png", "default_249.png", "default_250.png", "default_251.png", "default_252.png", "default_253.png", "default_254.png", "default_255.png", "default_256.png", "default_257.png", "default_258.png", "default_259.png", "default_260.png", "default_261.png", "default_262.png", "default_263.png", "default_264.png", "default_265.png", "default_266.png"]}, "asset/theme/default_theme/asset/ui/image": {"directory": [], "file": ["selectFrame_image.json", "unSelectFrame_image.json"]}, "asset/theme/default_theme/asset/ui/label": {"directory": [], "file": ["de_lb.json", "mb_content_lb.json", "mb_title_lb.json"]}, "asset/theme/default_theme/asset/ui/message_box": {"directory": [], "file": ["message_box.json"]}, "asset_export": {"directory": [], "file": ["export.json"]}, "asset_import": {"directory": [], "file": ["import.json"]}, "game": {"directory": ["sample"], "file": ["game.json"]}, "game/sample": {"directory": [], "file": ["game.json"]}, "save": {"directory": [], "file": ["save.json"]}}